content_id,Title,type,Genre,Year,Runtime (min),Rating
CON-0001,Drama Title 1,movie,Drama,2023,130,PG
CON-0002,Action Title 2,movie,Action,2011,144,TV-14
CON-0003,Romance Title 3,movie,Romance,2010,91,PG
CON-0004,Society Title 4,documentary,Society,2019,52,TV-14
CON-0005,Romance Title 5,movie,Romance,2014,85,TV-14
CON-0006,Comedy Title 6,movie,Comedy,2023,153,PG-13
CON-0007,Romance Title 7,movie,Romance,2021,127,PG
CON-0008,Reality Title 8,series,Reality,2016,51,TV-PG
CON-0009,Family Title 9,movie,Family,2022,126,PG-13
CON-0010,Comedy Title 10,series,Comedy,2018,56,TV-MA
CON-0011,Animation Title 11,series,Animation,2011,38,TV-14
CON-0012,Sci-Fi Title 12,movie,Sci-Fi,2010,99,PG
CON-0013,Reality Title 13,series,Reality,2019,41,TV-MA
CON-0014,Sci-Fi Title 14,series,Sci-Fi,2017,25,PG
CON-0015,Thriller Title 15,movie,Thriller,2014,162,TV-14
CON-0016,Crime Title 16,series,Crime,2012,49,PG
CON-0017,Romance Title 17,movie,Romance,2021,178,R
CON-0018,Family Title 18,movie,Family,2016,90,TV-Y
CON-0019,Thriller Title 19,series,Thriller,2021,55,TV-14
CON-0020,Society Title 20,documentary,Society,2011,64,PG-13
CON-0021,Romance Title 21,movie,Romance,2012,81,TV-Y
CON-0022,Drama Title 22,movie,Drama,2019,133,TV-PG
CON-0023,Society Title 23,documentary,Society,2017,51,TV-14
CON-0024,Horror Title 24,movie,Horror,2010,93,R
CON-0025,Romance Title 25,movie,Romance,2015,136,G
CON-0026,Drama Title 26,movie,Drama,2019,148,G
CON-0027,Romance Title 27,movie,Romance,2020,158,TV-Y
CON-0028,Biography Title 28,documentary,Biography,2011,60,TV-MA
CON-0029,Science Title 29,documentary,Science,2011,84,PG-13
CON-0030,Sci-Fi Title 30,movie,Sci-Fi,2023,174,PG-13
CON-0031,Romance Title 31,movie,Romance,2021,147,G
CON-0032,Crime Title 32,series,Crime,2018,25,TV-PG
CON-0033,True Crime Title 33,documentary,True Crime,2018,113,TV-PG
CON-0034,Reality Title 34,series,Reality,2023,32,TV-14
CON-0035,Comedy Title 35,series,Comedy,2015,53,G
CON-0036,True Crime Title 36,documentary,True Crime,2021,69,TV-PG
CON-0037,Sci-Fi Title 37,movie,Sci-Fi,2011,126,R
CON-0038,Sci-Fi Title 38,movie,Sci-Fi,2017,106,TV-PG
CON-0039,Drama Title 39,series,Drama,2022,27,R
CON-0040,Drama Title 40,movie,Drama,2011,135,TV-14
CON-0041,Comedy Title 41,movie,Comedy,2012,172,G
CON-0042,Family Title 42,movie,Family,2020,163,TV-PG
CON-0043,Drama Title 43,movie,Drama,2018,82,PG-13
CON-0044,Romance Title 44,movie,Romance,2013,107,TV-Y
CON-0045,Sci-Fi Title 45,movie,Sci-Fi,2023,113,PG-13
CON-0046,Sci-Fi Title 46,movie,Sci-Fi,2016,138,PG-13
CON-0047,Action Title 47,movie,Action,2022,136,PG-13
CON-0048,Family Title 48,movie,Family,2010,159,TV-PG
CON-0049,Reality Title 49,series,Reality,2024,50,G
CON-0050,Thriller Title 50,movie,Thriller,2017,85,G
CON-0051,Drama Title 51,series,Drama,2019,40,R
CON-0052,Sci-Fi Title 52,series,Sci-Fi,2018,54,R
CON-0053,Crime Title 53,series,Crime,2012,32,TV-14
CON-0054,Family Title 54,movie,Family,2016,120,PG
CON-0055,Thriller Title 55,movie,Thriller,2021,180,TV-PG
CON-0056,Drama Title 56,movie,Drama,2016,139,TV-MA
CON-0057,Romance Title 57,movie,Romance,2016,100,TV-PG
CON-0058,Sci-Fi Title 58,movie,Sci-Fi,2010,120,TV-PG
CON-0059,Sci-Fi Title 59,series,Sci-Fi,2015,21,TV-Y
CON-0060,Comedy Title 60,movie,Comedy,2011,94,TV-Y
CON-0061,Drama Title 61,movie,Drama,2023,114,TV-Y
CON-0062,Family Title 62,movie,Family,2014,169,G
CON-0063,Comedy Title 63,series,Comedy,2010,24,PG
CON-0064,Drama Title 64,series,Drama,2014,34,PG
CON-0065,Sci-Fi Title 65,movie,Sci-Fi,2019,150,PG-13
CON-0066,Romance Title 66,movie,Romance,2010,94,PG-13
CON-0067,Thriller Title 67,movie,Thriller,2022,160,R
CON-0068,Drama Title 68,movie,Drama,2014,114,G
CON-0069,Romance Title 69,movie,Romance,2024,145,TV-MA
CON-0070,Horror Title 70,movie,Horror,2023,164,TV-14
CON-0071,True Crime Title 71,documentary,True Crime,2015,74,R
CON-0072,Animation Title 72,series,Animation,2016,60,TV-PG
CON-0073,History Title 73,documentary,History,2016,77,PG-13
CON-0074,Horror Title 74,movie,Horror,2021,144,TV-Y
CON-0075,Drama Title 75,movie,Drama,2010,100,TV-Y
CON-0076,Sci-Fi Title 76,movie,Sci-Fi,2010,150,TV-Y
CON-0077,Drama Title 77,movie,Drama,2011,80,TV-MA
CON-0078,Romance Title 78,movie,Romance,2011,111,TV-Y
CON-0079,Comedy Title 79,series,Comedy,2016,57,G
CON-0080,Romance Title 80,movie,Romance,2023,90,PG-13
CON-0081,Animation Title 81,series,Animation,2022,58,TV-PG
CON-0082,Sci-Fi Title 82,series,Sci-Fi,2010,38,TV-14
CON-0083,Thriller Title 83,series,Thriller,2022,28,G
CON-0084,Reality Title 84,series,Reality,2010,34,G
CON-0085,Sci-Fi Title 85,movie,Sci-Fi,2018,93,G
CON-0086,Animation Title 86,series,Animation,2014,35,G
CON-0087,Comedy Title 87,movie,Comedy,2011,175,PG
CON-0088,Sci-Fi Title 88,series,Sci-Fi,2013,24,R
CON-0089,Family Title 89,movie,Family,2017,143,TV-Y
CON-0090,Reality Title 90,series,Reality,2019,32,PG-13
CON-0091,Thriller Title 91,movie,Thriller,2010,159,TV-MA
CON-0092,Thriller Title 92,movie,Thriller,2020,166,TV-MA
CON-0093,Thriller Title 93,movie,Thriller,2022,139,PG
CON-0094,Biography Title 94,documentary,Biography,2024,55,TV-MA
CON-0095,Family Title 95,movie,Family,2014,89,TV-14
CON-0096,Romance Title 96,movie,Romance,2012,89,TV-Y
CON-0097,History Title 97,documentary,History,2014,110,PG
CON-0098,Comedy Title 98,series,Comedy,2010,51,PG-13
CON-0099,Family Title 99,movie,Family,2014,167,PG-13
CON-0100,Horror Title 100,movie,Horror,2010,120,TV-PG
CON-0101,Thriller Title 101,series,Thriller,2021,27,G
CON-0102,True Crime Title 102,documentary,True Crime,2016,53,TV-14
CON-0103,Biography Title 103,documentary,Biography,2022,99,TV-Y
CON-0104,Crime Title 104,series,Crime,2020,23,PG-13
CON-0105,Thriller Title 105,movie,Thriller,2013,135,TV-PG
CON-0106,Sci-Fi Title 106,series,Sci-Fi,2024,60,R
CON-0107,Drama Title 107,series,Drama,2019,46,PG-13
CON-0108,Crime Title 108,series,Crime,2012,23,PG-13
CON-0109,Sci-Fi Title 109,movie,Sci-Fi,2021,116,TV-Y
CON-0110,Romance Title 110,movie,Romance,2020,118,TV-14
CON-0111,Drama Title 111,movie,Drama,2024,89,TV-MA
CON-0112,Sci-Fi Title 112,series,Sci-Fi,2012,48,R
CON-0113,Drama Title 113,movie,Drama,2015,123,R
CON-0114,Romance Title 114,movie,Romance,2016,82,R
CON-0115,Sci-Fi Title 115,movie,Sci-Fi,2014,176,TV-PG
CON-0116,Romance Title 116,movie,Romance,2016,91,TV-14
CON-0117,Sci-Fi Title 117,series,Sci-Fi,2010,21,TV-14
CON-0118,Thriller Title 118,series,Thriller,2010,57,PG
CON-0119,Family Title 119,movie,Family,2013,137,PG-13
CON-0120,Comedy Title 120,movie,Comedy,2018,172,G
CON-0121,Drama Title 121,movie,Drama,2020,109,TV-Y
CON-0122,Society Title 122,documentary,Society,2021,100,PG
CON-0123,Thriller Title 123,movie,Thriller,2016,147,TV-Y
CON-0124,Action Title 124,movie,Action,2017,81,TV-Y
CON-0125,Society Title 125,documentary,Society,2013,112,R
CON-0126,Horror Title 126,movie,Horror,2010,170,R
CON-0127,Horror Title 127,movie,Horror,2020,90,TV-14
CON-0128,History Title 128,documentary,History,2021,88,TV-14
CON-0129,Horror Title 129,movie,Horror,2021,105,PG
CON-0130,Romance Title 130,movie,Romance,2017,119,R
CON-0131,Thriller Title 131,movie,Thriller,2019,93,PG-13
CON-0132,Sci-Fi Title 132,series,Sci-Fi,2024,23,TV-14
CON-0133,Action Title 133,movie,Action,2010,156,G
CON-0134,Family Title 134,movie,Family,2011,171,PG-13
CON-0135,Drama Title 135,movie,Drama,2010,163,TV-Y
CON-0136,Sci-Fi Title 136,series,Sci-Fi,2012,41,PG
CON-0137,Thriller Title 137,movie,Thriller,2024,90,PG
CON-0138,Thriller Title 138,series,Thriller,2022,44,TV-Y
CON-0139,Sci-Fi Title 139,series,Sci-Fi,2013,23,TV-PG
CON-0140,Family Title 140,movie,Family,2021,104,TV-MA
CON-0141,Horror Title 141,movie,Horror,2010,111,TV-14
CON-0142,Comedy Title 142,movie,Comedy,2021,87,PG
CON-0143,Crime Title 143,series,Crime,2019,37,G
CON-0144,Sci-Fi Title 144,movie,Sci-Fi,2021,115,PG
CON-0145,Romance Title 145,movie,Romance,2022,93,TV-14
CON-0146,Sci-Fi Title 146,series,Sci-Fi,2012,28,G
CON-0147,Animation Title 147,series,Animation,2015,29,TV-PG
CON-0148,Comedy Title 148,movie,Comedy,2022,145,PG-13
CON-0149,Comedy Title 149,movie,Comedy,2018,163,TV-PG
CON-0150,Horror Title 150,movie,Horror,2019,93,PG
CON-0151,Horror Title 151,movie,Horror,2013,143,PG-13
CON-0152,Romance Title 152,movie,Romance,2022,175,TV-Y
CON-0153,Thriller Title 153,movie,Thriller,2013,127,TV-MA
CON-0154,Romance Title 154,movie,Romance,2024,110,R
CON-0155,Horror Title 155,movie,Horror,2018,112,R
CON-0156,Drama Title 156,series,Drama,2011,49,G
CON-0157,Romance Title 157,movie,Romance,2024,137,TV-Y
CON-0158,Action Title 158,movie,Action,2013,104,PG
CON-0159,Drama Title 159,movie,Drama,2022,137,G
CON-0160,Sci-Fi Title 160,movie,Sci-Fi,2015,107,PG-13
CON-0161,Thriller Title 161,movie,Thriller,2023,84,G
CON-0162,Sci-Fi Title 162,series,Sci-Fi,2019,43,TV-Y
CON-0163,Action Title 163,movie,Action,2011,143,TV-14
CON-0164,Horror Title 164,movie,Horror,2020,164,PG
CON-0165,Sci-Fi Title 165,series,Sci-Fi,2014,37,TV-Y
CON-0166,Action Title 166,movie,Action,2016,119,TV-14
CON-0167,Sci-Fi Title 167,movie,Sci-Fi,2021,162,TV-14
CON-0168,Action Title 168,movie,Action,2011,135,PG
CON-0169,Sci-Fi Title 169,movie,Sci-Fi,2010,138,G
CON-0170,Animation Title 170,series,Animation,2019,25,TV-PG
CON-0171,Comedy Title 171,series,Comedy,2012,42,PG-13
CON-0172,Nature Title 172,documentary,Nature,2014,70,PG-13
CON-0173,Drama Title 173,series,Drama,2019,40,TV-14
CON-0174,Drama Title 174,movie,Drama,2019,161,R
CON-0175,Comedy Title 175,series,Comedy,2016,33,PG-13
CON-0176,Comedy Title 176,movie,Comedy,2010,99,G
CON-0177,Crime Title 177,series,Crime,2018,44,TV-Y
CON-0178,Crime Title 178,series,Crime,2016,35,TV-PG
CON-0179,Family Title 179,movie,Family,2019,102,TV-MA
CON-0180,Family Title 180,movie,Family,2023,177,PG-13
CON-0181,Sci-Fi Title 181,series,Sci-Fi,2015,24,TV-14
CON-0182,Family Title 182,movie,Family,2010,144,PG-13
CON-0183,Sci-Fi Title 183,movie,Sci-Fi,2010,179,TV-14
CON-0184,Thriller Title 184,series,Thriller,2019,21,PG
CON-0185,Family Title 185,movie,Family,2011,116,TV-PG
CON-0186,Crime Title 186,series,Crime,2024,40,TV-MA
CON-0187,Family Title 187,movie,Family,2019,106,R
CON-0188,Action Title 188,movie,Action,2012,105,TV-Y
CON-0189,Sci-Fi Title 189,series,Sci-Fi,2022,36,G
CON-0190,Crime Title 190,series,Crime,2019,55,PG
CON-0191,Horror Title 191,movie,Horror,2016,174,TV-PG
CON-0192,Crime Title 192,series,Crime,2013,25,PG-13
CON-0193,Drama Title 193,series,Drama,2014,53,TV-PG
CON-0194,Animation Title 194,series,Animation,2014,34,TV-14
CON-0195,Sci-Fi Title 195,movie,Sci-Fi,2013,86,G
CON-0196,Action Title 196,movie,Action,2011,152,TV-PG
CON-0197,Horror Title 197,movie,Horror,2012,154,R
CON-0198,Family Title 198,movie,Family,2024,100,R
CON-0199,Sci-Fi Title 199,series,Sci-Fi,2023,24,TV-Y
CON-0200,Thriller Title 200,movie,Thriller,2024,81,TV-PG
CON-0201,Reality Title 201,series,Reality,2021,58,TV-MA
CON-0202,Action Title 202,movie,Action,2010,85,TV-14
CON-0203,Drama Title 203,movie,Drama,2019,87,R
CON-0204,Romance Title 204,movie,Romance,2020,146,TV-14
CON-0205,Comedy Title 205,series,Comedy,2014,39,G
CON-0206,Society Title 206,documentary,Society,2010,113,TV-14
CON-0207,Animation Title 207,series,Animation,2012,25,R
CON-0208,True Crime Title 208,documentary,True Crime,2015,60,TV-Y
CON-0209,Crime Title 209,series,Crime,2020,55,TV-Y
CON-0210,Romance Title 210,movie,Romance,2012,90,TV-Y
CON-0211,Society Title 211,documentary,Society,2013,86,TV-14
CON-0212,Romance Title 212,movie,Romance,2017,128,TV-MA
CON-0213,Animation Title 213,series,Animation,2021,21,R
CON-0214,Crime Title 214,series,Crime,2011,45,PG-13
CON-0215,Action Title 215,movie,Action,2015,94,PG-13
CON-0216,Drama Title 216,series,Drama,2021,28,PG
CON-0217,Drama Title 217,series,Drama,2023,43,PG
CON-0218,Thriller Title 218,series,Thriller,2013,44,R
CON-0219,Action Title 219,movie,Action,2023,84,TV-Y
CON-0220,Drama Title 220,movie,Drama,2015,92,TV-PG
CON-0221,Action Title 221,movie,Action,2010,124,TV-PG
CON-0222,Biography Title 222,documentary,Biography,2019,81,G
CON-0223,Drama Title 223,series,Drama,2015,53,TV-MA
CON-0224,Reality Title 224,series,Reality,2019,33,TV-Y
CON-0225,Action Title 225,movie,Action,2022,147,G
CON-0226,Family Title 226,movie,Family,2017,92,TV-PG
CON-0227,Biography Title 227,documentary,Biography,2014,65,R
CON-0228,History Title 228,documentary,History,2020,59,PG
CON-0229,Comedy Title 229,movie,Comedy,2011,160,TV-14
CON-0230,Society Title 230,documentary,Society,2015,48,R
CON-0231,Horror Title 231,movie,Horror,2016,149,R
CON-0232,History Title 232,documentary,History,2015,49,TV-PG
CON-0233,Family Title 233,movie,Family,2012,164,TV-MA
CON-0234,Thriller Title 234,movie,Thriller,2015,154,TV-MA
CON-0235,Animation Title 235,series,Animation,2014,52,TV-Y
CON-0236,Thriller Title 236,series,Thriller,2013,29,TV-PG
CON-0237,Crime Title 237,series,Crime,2013,35,TV-Y
CON-0238,Society Title 238,documentary,Society,2013,58,TV-14
CON-0239,Drama Title 239,movie,Drama,2014,118,R
CON-0240,Comedy Title 240,movie,Comedy,2017,115,G
CON-0241,Horror Title 241,movie,Horror,2020,168,TV-Y
CON-0242,Drama Title 242,movie,Drama,2010,112,R
CON-0243,Science Title 243,documentary,Science,2021,120,TV-14
CON-0244,Animation Title 244,series,Animation,2020,57,PG-13
CON-0245,Sci-Fi Title 245,series,Sci-Fi,2020,40,PG
CON-0246,Comedy Title 246,series,Comedy,2014,45,TV-14
CON-0247,Action Title 247,movie,Action,2020,159,PG-13
CON-0248,Crime Title 248,series,Crime,2023,20,TV-MA
CON-0249,Nature Title 249,documentary,Nature,2013,114,PG-13
CON-0250,Comedy Title 250,series,Comedy,2023,42,TV-MA
CON-0251,Family Title 251,movie,Family,2018,145,TV-PG
CON-0252,Family Title 252,movie,Family,2018,106,PG
CON-0253,Reality Title 253,series,Reality,2014,60,TV-Y
CON-0254,Action Title 254,movie,Action,2024,81,TV-14
CON-0255,Animation Title 255,series,Animation,2011,57,R
CON-0256,Horror Title 256,movie,Horror,2017,147,R
CON-0257,Comedy Title 257,movie,Comedy,2020,161,R
CON-0258,Comedy Title 258,series,Comedy,2017,60,TV-Y
CON-0259,Animation Title 259,series,Animation,2022,50,R
CON-0260,Horror Title 260,movie,Horror,2020,167,PG-13
CON-0261,Thriller Title 261,movie,Thriller,2015,125,TV-MA
CON-0262,Comedy Title 262,movie,Comedy,2024,164,TV-Y
CON-0263,Drama Title 263,series,Drama,2022,56,PG-13
CON-0264,Sci-Fi Title 264,movie,Sci-Fi,2020,161,G
CON-0265,Comedy Title 265,movie,Comedy,2019,163,PG
CON-0266,Thriller Title 266,series,Thriller,2015,31,PG-13
CON-0267,Horror Title 267,movie,Horror,2020,148,TV-Y
CON-0268,Romance Title 268,movie,Romance,2020,147,PG
CON-0269,Crime Title 269,series,Crime,2017,34,TV-MA
CON-0270,Sci-Fi Title 270,series,Sci-Fi,2013,29,TV-MA
CON-0271,Action Title 271,movie,Action,2021,100,TV-MA
CON-0272,Thriller Title 272,series,Thriller,2016,43,PG
CON-0273,Sci-Fi Title 273,movie,Sci-Fi,2019,161,G
CON-0274,Crime Title 274,series,Crime,2017,52,PG-13
CON-0275,Horror Title 275,movie,Horror,2011,160,TV-PG
CON-0276,Romance Title 276,movie,Romance,2016,116,TV-Y
CON-0277,Thriller Title 277,series,Thriller,2023,38,TV-MA
CON-0278,Thriller Title 278,movie,Thriller,2020,144,TV-MA
CON-0279,Crime Title 279,series,Crime,2012,40,PG
CON-0280,Drama Title 280,series,Drama,2018,55,G
CON-0281,Comedy Title 281,movie,Comedy,2023,80,TV-MA
CON-0282,Animation Title 282,series,Animation,2019,52,TV-14
CON-0283,Animation Title 283,series,Animation,2013,58,G
CON-0284,Sci-Fi Title 284,series,Sci-Fi,2020,31,PG-13
CON-0285,Sci-Fi Title 285,series,Sci-Fi,2015,26,PG-13
CON-0286,Reality Title 286,series,Reality,2012,36,TV-14
CON-0287,Action Title 287,movie,Action,2024,135,G
CON-0288,Action Title 288,movie,Action,2021,95,TV-14
CON-0289,Action Title 289,movie,Action,2020,167,PG-13
CON-0290,Horror Title 290,movie,Horror,2020,150,TV-MA
CON-0291,Drama Title 291,movie,Drama,2010,160,G
CON-0292,Drama Title 292,series,Drama,2012,33,TV-MA
CON-0293,Romance Title 293,movie,Romance,2015,137,PG-13
CON-0294,Drama Title 294,series,Drama,2021,60,TV-MA
CON-0295,Thriller Title 295,movie,Thriller,2010,86,G
CON-0296,Animation Title 296,series,Animation,2014,25,TV-Y
CON-0297,Comedy Title 297,series,Comedy,2015,58,TV-PG
CON-0298,Society Title 298,documentary,Society,2012,66,PG
CON-0299,Drama Title 299,movie,Drama,2016,160,TV-MA
CON-0300,Biography Title 300,documentary,Biography,2010,80,TV-PG
CON-0301,Animation Title 301,series,Animation,2019,29,TV-14
CON-0302,History Title 302,documentary,History,2019,93,R
CON-0303,Crime Title 303,series,Crime,2014,20,TV-Y
CON-0304,Action Title 304,movie,Action,2012,116,TV-Y
CON-0305,Biography Title 305,documentary,Biography,2018,89,PG
CON-0306,Family Title 306,movie,Family,2014,128,G
CON-0307,Sci-Fi Title 307,series,Sci-Fi,2019,33,G
CON-0308,Sci-Fi Title 308,series,Sci-Fi,2022,25,TV-PG
CON-0309,Comedy Title 309,series,Comedy,2024,57,TV-Y
CON-0310,Reality Title 310,series,Reality,2019,50,R
CON-0311,Romance Title 311,movie,Romance,2015,91,TV-PG
CON-0312,Drama Title 312,movie,Drama,2015,111,PG
CON-0313,Family Title 313,movie,Family,2015,180,G
CON-0314,Action Title 314,movie,Action,2023,92,TV-MA
CON-0315,Comedy Title 315,series,Comedy,2011,37,TV-MA
CON-0316,Thriller Title 316,series,Thriller,2023,28,G
CON-0317,Drama Title 317,movie,Drama,2010,128,G
CON-0318,Thriller Title 318,series,Thriller,2023,49,PG
CON-0319,Animation Title 319,series,Animation,2014,27,TV-PG
CON-0320,Animation Title 320,series,Animation,2012,52,TV-MA
CON-0321,Crime Title 321,series,Crime,2010,34,TV-Y
CON-0322,Nature Title 322,documentary,Nature,2014,51,TV-MA
CON-0323,Drama Title 323,movie,Drama,2020,120,TV-Y
CON-0324,Sci-Fi Title 324,series,Sci-Fi,2015,26,TV-PG
CON-0325,Comedy Title 325,movie,Comedy,2012,127,TV-MA
CON-0326,Drama Title 326,movie,Drama,2021,166,R
CON-0327,Comedy Title 327,series,Comedy,2024,24,PG-13
CON-0328,Drama Title 328,series,Drama,2017,21,TV-PG
CON-0329,Romance Title 329,movie,Romance,2012,141,TV-PG
CON-0330,Action Title 330,movie,Action,2024,103,PG-13
CON-0331,Drama Title 331,movie,Drama,2013,114,PG-13
CON-0332,Thriller Title 332,movie,Thriller,2017,122,PG
CON-0333,Family Title 333,movie,Family,2010,94,R
CON-0334,Thriller Title 334,series,Thriller,2022,27,R
CON-0335,Science Title 335,documentary,Science,2011,75,TV-14
CON-0336,Drama Title 336,movie,Drama,2020,87,G
CON-0337,Sci-Fi Title 337,movie,Sci-Fi,2010,145,TV-Y
CON-0338,Horror Title 338,movie,Horror,2014,85,PG-13
CON-0339,Drama Title 339,movie,Drama,2013,146,PG
CON-0340,Reality Title 340,series,Reality,2012,51,R
CON-0341,Romance Title 341,movie,Romance,2010,154,PG
CON-0342,Reality Title 342,series,Reality,2022,23,TV-PG
CON-0343,Family Title 343,movie,Family,2024,91,TV-MA
CON-0344,Thriller Title 344,movie,Thriller,2023,111,TV-PG
CON-0345,Sci-Fi Title 345,movie,Sci-Fi,2015,153,TV-MA
CON-0346,Nature Title 346,documentary,Nature,2023,76,TV-PG
CON-0347,Thriller Title 347,series,Thriller,2014,56,PG
CON-0348,Science Title 348,documentary,Science,2018,48,PG-13
CON-0349,Comedy Title 349,movie,Comedy,2012,108,PG
CON-0350,Action Title 350,movie,Action,2014,82,G
CON-0351,Animation Title 351,series,Animation,2013,49,TV-MA
CON-0352,Comedy Title 352,movie,Comedy,2014,171,PG
CON-0353,Thriller Title 353,movie,Thriller,2016,94,PG-13
CON-0354,Romance Title 354,movie,Romance,2017,109,TV-14
CON-0355,Action Title 355,movie,Action,2019,161,G
CON-0356,Action Title 356,movie,Action,2016,179,R
CON-0357,Animation Title 357,series,Animation,2023,56,TV-14
CON-0358,Drama Title 358,series,Drama,2020,53,TV-PG
CON-0359,Horror Title 359,movie,Horror,2015,164,PG
CON-0360,Comedy Title 360,movie,Comedy,2018,121,G
CON-0361,Horror Title 361,movie,Horror,2022,130,G
CON-0362,Thriller Title 362,movie,Thriller,2020,166,G
CON-0363,Crime Title 363,series,Crime,2016,53,R
CON-0364,True Crime Title 364,documentary,True Crime,2020,89,PG-13
CON-0365,Thriller Title 365,movie,Thriller,2018,90,PG-13
CON-0366,Drama Title 366,movie,Drama,2014,117,TV-Y
CON-0367,Comedy Title 367,movie,Comedy,2023,174,TV-MA
CON-0368,Reality Title 368,series,Reality,2018,44,TV-PG
CON-0369,Thriller Title 369,movie,Thriller,2023,158,TV-Y
CON-0370,Sci-Fi Title 370,movie,Sci-Fi,2018,108,TV-14
CON-0371,Science Title 371,documentary,Science,2023,65,R
CON-0372,Sci-Fi Title 372,movie,Sci-Fi,2024,142,R
CON-0373,Action Title 373,movie,Action,2019,100,TV-PG
CON-0374,Action Title 374,movie,Action,2015,146,PG
CON-0375,Drama Title 375,movie,Drama,2012,133,R
CON-0376,Thriller Title 376,series,Thriller,2021,53,TV-MA
CON-0377,Drama Title 377,movie,Drama,2016,132,PG
CON-0378,Drama Title 378,movie,Drama,2016,133,TV-MA
CON-0379,Crime Title 379,series,Crime,2015,42,TV-14
CON-0380,Horror Title 380,movie,Horror,2022,162,TV-MA
CON-0381,Thriller Title 381,movie,Thriller,2022,103,PG-13
CON-0382,Horror Title 382,movie,Horror,2023,154,TV-PG
CON-0383,Romance Title 383,movie,Romance,2024,121,G
CON-0384,Thriller Title 384,movie,Thriller,2024,152,TV-Y
CON-0385,Horror Title 385,movie,Horror,2016,146,TV-MA
CON-0386,Sci-Fi Title 386,movie,Sci-Fi,2018,137,R
CON-0387,Sci-Fi Title 387,movie,Sci-Fi,2024,144,PG-13
CON-0388,Sci-Fi Title 388,series,Sci-Fi,2022,45,TV-PG
CON-0389,Animation Title 389,series,Animation,2015,30,TV-PG
CON-0390,True Crime Title 390,documentary,True Crime,2020,59,TV-Y
CON-0391,Thriller Title 391,series,Thriller,2018,46,TV-Y
CON-0392,Comedy Title 392,series,Comedy,2012,32,G
CON-0393,Reality Title 393,series,Reality,2020,42,G
CON-0394,Drama Title 394,series,Drama,2021,20,G
CON-0395,Science Title 395,documentary,Science,2020,46,G
CON-0396,Family Title 396,movie,Family,2014,178,PG-13
CON-0397,Sci-Fi Title 397,series,Sci-Fi,2012,27,PG
CON-0398,Comedy Title 398,movie,Comedy,2023,101,TV-MA
CON-0399,Thriller Title 399,series,Thriller,2015,20,PG-13
CON-0400,Crime Title 400,series,Crime,2014,30,PG
